{"cameraMode":{"drawMode":0,"name":"Shaded","section":"Shading Mode"},"sceneLighting":true,"audioPlay":false,"sceneViewState":{"showFog":true,"showMaterialUpdate":false,"showSkybox":true,"showFlares":true,"showImageEffects":true,"showParticleSystems":true},"in2DMode":false,"pivot":{"x":-45.23393249511719,"y":-27.094919204711915,"z":-99.86795806884766},"rotation":{"x":-0.025542987510561944,"y":0.9696304202079773,"z":-0.11574725061655045,"w":-0.21397778391838075},"size":123.0943374633789,"orthographic":false}